{
  "name": "example-1x1-room",
  "originRotation": "northwest",
  "width": 32,
  "height": 16,
  "length": 32,
  "description": "Example 1x1 dungeon room with stone brick walls and decorations",
  "blocks": [
    // This is a simplified example. In practice, you would have a full 3D array
    // blocks[x][y][z] where each number represents a block ID
    // 0 = Air, 1 = Stone, 4 = Cobblestone, 98 = Stone Bricks, etc.
    // 
    // For 1.8.8 block IDs:
    // Stone = 1, Cobblestone = 4, Stone Bricks = 98, 
    // Mossy Stone Bricks = 98:1, Cracked Stone Bricks = 98:2
    // Air = 0, Water = 8, Lava = 10, etc.
    //
    // This format matches your original Minestom implementation
    // 
    // Floor layer (y=0)
    [
      // x=0 row
      [
        [98, 98, 98, 98, 98, 98, 98, 98, 98, 98, 98, 98, 98, 98, 98, 98, 98, 98, 98, 98, 98, 98, 98, 98, 98, 98, 98, 98, 98, 98, 98, 98]
      ]
      // ... continue for all x,y,z coordinates
      // This is just a small example - real schematics would be full 32x16x32 arrays
    ]
  ],
  "palette": [
    {
      "id": 0,
      "name": "minecraft:air"
    },
    {
      "id": 1, 
      "name": "minecraft:stone"
    },
    {
      "id": 98,
      "name": "minecraft:stonebrick"
    }
  ],
  "doors": {
    "north": true,
    "south": true, 
    "east": true,
    "west": true
  },
  "spawn_points": [
    {
      "x": 16,
      "y": 1,
      "z": 16,
      "type": "center"
    }
  ],
  "decorations": [
    {
      "type": "torch",
      "positions": [
        {"x": 5, "y": 3, "z": 5},
        {"x": 27, "y": 3, "z": 5},
        {"x": 5, "y": 3, "z": 27},
        {"x": 27, "y": 3, "z": 27}
      ]
    }
  ],
  "notes": [
    "This is an example schematic file for a 1x1 dungeon room",
    "Place your schematic files in: /plugins/DungeonGenerationCore/rooms/1x1/",
    "Supported formats: .json, .json.gz, .schematic (WorldEdit)",
    "",
    "For the blocks array, use the full [x][y][z] format:",
    "- Each room is 32x32 blocks, up to 32 blocks high",
    "- Use 1.8.8 block IDs (Stone=1, Stone Bricks=98, etc.)",
    "- 0 = Air blocks",
    "",
    "Door positions:",
    "- North door: center of north wall (x=15-16, z=0)",
    "- South door: center of south wall (x=15-16, z=31)",  
    "- East door: center of east wall (x=31, z=15-16)",
    "- West door: center of west wall (x=0, z=15-16)",
    "",
    "The plugin will automatically handle:",
    "- Room rotation based on the dungeon layout",
    "- Door placement and alignment",
    "- Multi-block room connections",
    "- Bridge doors for connected rooms"
  ]
}